Folder,Status,PDFs Found,PDFs Copied
2254VYP9,no_pdfs,0,0
22AUK53U,processed,1,1
226UR7G6,processed,1,1
25NM68DI,no_pdfs,0,0
23I54U9D,processed,1,1
25SRSNWP,no_pdfs,0,0
25E8GZIR,processed,1,1
22QUAC5L,processed,1,1
247XT3KJ,processed,1,1
25M4ZRKJ,processed,1,1
27PPHYYX,processed,1,1
25WRZ69A,processed,1,1
27FW87MN,processed,1,1
28UTSF4R,no_pdfs,0,0
28VZQ2NB,no_pdfs,0,0
284M4QKM,processed,1,1
2876JHID,processed,1,1
28U3KMFU,processed,1,1
2E2CBG9E,no_pdfs,0,0
2B8ZIMK3,processed,1,1
2AVA3ALM,processed,1,1
2ENT8JG8,processed,1,1
294ANNMP,processed,1,1
2EQDA927,no_pdfs,0,0
2C2VRS7Q,processed,1,1
29WG76Y5,processed,1,1
2FD9JCZK,no_pdfs,0,0
2FXQYFJN,no_pdfs,0,0
2F6MIGAN,processed,1,1
2G6SENQA,no_pdfs,0,0
2GI384X3,processed,1,1
2HZLNJ4Y,processed,1,1
2I6K4IES,processed,1,1
2G6G5I5F,processed,1,1
2J8S8CJX,no_pdfs,0,0
2IV9PEY8,no_pdfs,0,0
2JGJRGQ5,processed,1,1
2JR4FMQM,processed,1,1
2KWBN3JQ,no_pdfs,0,0
2GWXIER3,processed,1,1
2L39P7A5,no_pdfs,0,0
2JXDVRLY,no_pdfs,0,0
2GPTZAXJ,processed,1,1
2NN8VDKG,no_pdfs,0,0
2PDK2V8W,no_pdfs,0,0
2HLYMUZ9,processed,1,1
2IZU359B,processed,1,1
2MPEKM4W,processed,1,1
2KYQGFZR,processed,1,1
2TB7J2N4,no_pdfs,0,0
2PKVEGQ6,processed,1,1
2RHAP3Z9,processed,1,1
2TJFTI8N,processed,1,1
2V54ZGVU,processed,1,1
2SXDMDKY,processed,1,1
2MWDBQ8Y,processed,1,1
2TIR67UU,processed,1,1
2SYA6KEK,processed,1,1
2VKJRHQ8,processed,1,1
32KYUC8B,no_pdfs,0,0
33EAI8F7,no_pdfs,0,0
33K2MJJQ,processed,1,1
2V3ZC228,processed,1,1
2X8EV5JW,processed,1,1
2Y5N3IZ8,processed,1,1
2XKE25SG,processed,1,1
34ZVUE2M,no_pdfs,0,0
359JD53D,processed,1,1
35IPT46Q,no_pdfs,0,0
33WB6RGS,processed,1,1
36EG5PUX,no_pdfs,0,0
2ZF2EWGU,processed,1,1
34UWSCZM,processed,1,1
36DUZ3WB,processed,1,1
384THCUG,processed,1,1
37MPDAIM,processed,1,1
36QF5M23,processed,1,1
34FCJUQK,processed,1,1
38HXD5ZA,processed,1,1
395I6JGG,no_pdfs,0,0
37PM243J,processed,1,1
38S3ZBEP,processed,1,1
3BZI4DE2,no_pdfs,0,0
3CAPA7HJ,no_pdfs,0,0
3CF5YZIC,no_pdfs,0,0
3BWKYEX4,processed,1,1
39DBSPAJ,processed,1,1
3BFYY2G6,processed,1,1
3DC8A58U,processed,1,1
3DVGKWDL,processed,1,1
3D2BWPG8,processed,1,1
3ECYBMRW,processed,1,1
3FFLXTPM,no_pdfs,0,0
3DA7Z3KS,processed,1,1
3927F8MD,processed,1,1
3FPBUR3L,no_pdfs,0,0
3FMMFXCZ,processed,1,1
3DE667BH,processed,1,1
3G7K7ITY,processed,1,1
344XCAK2,processed,1,1
3G3VT2VU,processed,1,1
3GX84Q7D,processed,1,1
3JEWD67M,no_pdfs,0,0
3HZYKJSF,processed,1,1
3JZLS7K4,processed,1,1
3FHH4C3J,processed,1,1
3EJL78EU,processed,1,1
3L566DHM,processed,1,1
3HTKDXGY,processed,1,1
3HWJRSVX,processed,1,1
3KYG3SNI,processed,1,1
3PIKF9CU,no_pdfs,0,0
3PN5D5H8,no_pdfs,0,0
3Q8SA6WL,processed,1,1
3RDNDVSS,no_pdfs,0,0
3KSPNMXU,processed,1,1
3L6UQ2YC,processed,1,1
3PKT9WA2,processed,1,1
3TSIVYEU,processed,1,1
3P6JAU2G,processed,1,1
3UHC5DHJ,processed,1,1
3WAYKK4C,no_pdfs,0,0
3WNXPLGI,no_pdfs,0,0
3SC9TAUH,processed,1,1
3PZ93V7U,processed,1,1
3X7MB6YY,processed,1,1
3TW6GPZF,processed,1,1
43ZWI5Z5,no_pdfs,0,0
433NUA6B,no_pdfs,0,0
44E83RVL,no_pdfs,0,0
3VZEVIWZ,processed,1,1
3XK5NVXA,processed,1,1
3U7MM3HA,processed,1,1
45Y9NPHY,no_pdfs,0,0
42XRMPTB,processed,1,1
45I3QEGJ,processed,1,1
46D9KGZY,no_pdfs,0,0
44KK4XCZ,processed,1,1
45ISAJGH,processed,1,1
45UYDJVL,processed,1,1
48Y53ZAW,processed,1,1
4AU3GLKG,no_pdfs,0,0
48IKU5V2,processed,1,1
4772M7DN,processed,1,1
4BYD4H4A,no_pdfs,0,0
4BMGW6K8,processed,1,1
4CWWPCYT,no_pdfs,0,0
4BB5KCUP,processed,1,1
4DFNIMZ9,no_pdfs,0,0
497G6TIG,processed,1,1
46QG9C38,processed,1,1
488MTDGK,processed,1,1
4EH5ZQ8R,processed,1,1
4FVGG53D,processed,1,1
4C3NMV8F,processed,1,1
4EAGSXUG,processed,1,1
4GDVSIIM,no_pdfs,0,0
4DXI6ZB5,processed,1,1
4GED8WDE,processed,1,1
4H4THS5V,no_pdfs,0,0
4EQTBR9D,processed,1,1
4GHJYMNE,processed,1,1
4HINH2G8,processed,1,1
4HL8WWKB,processed,1,1
4HKTPY3Z,processed,1,1
4HUE9V4H,processed,1,1
4HHNZRNB,processed,1,1
4IB324LK,processed,1,1
4J5TWCDW,no_pdfs,0,0
4HNV8RDA,processed,1,1
4IM9I2ND,processed,1,1
4KVCUPZ9,no_pdfs,0,0
4KHHL3E9,processed,1,1
4KPQ3GVC,processed,1,1
4L76R32R,processed,1,1
4MBV4RMV,processed,1,1
4N8N9YU3,no_pdfs,0,0
4JYLP8GM,processed,1,1
4MP9VI82,processed,1,1
4PXGVR8N,processed,1,1
4D5Y7D7T,processed,1,1
4MWZCI4S,processed,1,1
4PXWM8DT,processed,1,1
4SFXCI5Q,no_pdfs,0,0
4NL8NFGI,processed,1,1
4TGPRBIQ,processed,1,1
4ILNQSE6,processed,1,1
4U6PGBC5,no_pdfs,0,0
4VP9IB38,no_pdfs,0,0
4TNU583G,processed,1,1
4W6K4TUQ,processed,1,1
4XJLQX44,no_pdfs,0,0
4YNFT23K,no_pdfs,0,0
4Z6GGBUK,no_pdfs,0,0
4ST7HW9N,processed,1,1
4RNSKGPQ,processed,1,1
4NNEFHDS,processed,1,1
4RUEYS47,processed,1,1
4WCG6TWA,processed,1,1
525AE2KR,processed,1,1
53NRNP2U,no_pdfs,0,0
53GLY9KU,processed,1,1
53UTW2DS,processed,1,1
54BU3EF8,no_pdfs,0,0
54FMA6NF,no_pdfs,0,0
52Q2WBHE,processed,1,1
53ZIT2FM,processed,1,1
53VEBLX2,processed,1,1
4ZAJ6LT4,processed,1,1
555NFVL6,processed,1,1
56XW9K2L,processed,1,1
565PX925,processed,1,1
5539R5NA,processed,1,1
57BYRTQ6,no_pdfs,0,0
5AARXFMA,no_pdfs,0,0
56QMMSN7,processed,1,1
59M3UZ53,processed,1,1
5BNXN5ZC,no_pdfs,0,0
538ZGHD2,processed,1,1
57B8TTEZ,processed,1,1
5DDYA66T,no_pdfs,0,0
5CP2SUQG,no_pdfs,0,0
59SHTREX,processed,1,1
5EVAZIEJ,no_pdfs,0,0
5AR96WCV,processed,1,1
5ESUMXFW,processed,1,1
5G8Q7YAA,no_pdfs,0,0
5EEPSGI6,processed,1,1
5FXKXCDH,no_pdfs,0,0
5EHQDA2D,processed,1,1
5B9UIMI3,processed,1,1
5FQXSCYG,processed,1,1
5IKV7W3I,processed,1,1
5JLMC8PM,no_pdfs,0,0
5K49KER7,no_pdfs,0,0
5HNVCQRK,processed,1,1
5JFC47RA,processed,1,1
5I7JW7LJ,processed,1,1
5JN2WTLE,no_pdfs,0,0
5JEI2DHV,processed,1,1
5KWIERW9,processed,1,1
5KSD8WK3,processed,1,1
5M6F8ZJP,processed,1,1
5MEY9XL3,no_pdfs,0,0
5KY88RG6,processed,1,1
5LMVJZ4Z,processed,1,1
5KWQHARK,processed,1,1
5MTR7E6C,processed,1,1
5QAXZ6MI,no_pdfs,0,0
5MEGAZP5,processed,1,1
5NMGFE3A,processed,1,1
5SC6DEGC,no_pdfs,0,0
5R64L2WF,processed,1,1
5SV8FH42,no_pdfs,0,0
5MKQHF6Z,processed,1,1
5UKIVZW2,no_pdfs,0,0
5SMJN9EL,processed,1,1
5UZPQX6D,processed,1,1
5R6CPXFR,processed,1,1
5NXZPAIK,processed,1,1
5YP5A4WM,no_pdfs,0,0
5UEMP39C,processed,1,1
5Z6USJHV,no_pdfs,0,0
5ZET2496,no_pdfs,0,0
62P3DDDL,no_pdfs,0,0
5X75FGLM,processed,1,1
63FB6NC7,no_pdfs,0,0
63DAUFCC,processed,1,1
64HV83Q6,no_pdfs,0,0
65DM3QS9,processed,1,1
5Z358T3F,processed,1,1
66JQZK2D,no_pdfs,0,0
67J4F3SU,no_pdfs,0,0
67RJW34X,no_pdfs,0,0
63LMHK4E,processed,1,1
5L8N5LU6,processed,1,1
5WIBFF37,processed,1,1
677VJ67C,processed,1,1
6AWSQ2RJ,no_pdfs,0,0
68GPV4E5,processed,1,1
6CCMC35W,processed,1,1
68CA6SCC,processed,1,1
6ACWVQ7X,processed,1,1
5XUK994L,processed,1,1
6F9TA74X,no_pdfs,0,0
69KTWVHR,processed,1,1
6EXZH8XZ,processed,1,1
6FMF54DF,no_pdfs,0,0
6FZRIN7H,no_pdfs,0,0
6DKKG8SW,processed,1,1
6E6KHFGK,processed,1,1
6GB575SW,processed,1,1
6DNI2KXX,processed,1,1
6GIKVEJN,no_pdfs,0,0
6FJCJQW2,processed,1,1
6GIF9YUC,processed,1,1
6HE5HJ49,no_pdfs,0,0
6IMPV7ML,processed,1,1
6KS3PJWK,no_pdfs,0,0
6L8JAGAF,no_pdfs,0,0
6GTNE8KF,processed,1,1
6JCPARH2,processed,1,1
6M6ZKY2V,no_pdfs,0,0
6HQKVTFF,processed,1,1
6GZC6N77,processed,1,1
6LQWV5TJ,processed,1,1
6PDQ5KPB,processed,1,1
6PE3H7YD,processed,1,1
6R3S7IMX,no_pdfs,0,0
6IZM6I3V,processed,1,1
6R62G7Z6,processed,1,1
6SBBEFE7,no_pdfs,0,0
6RNYUWPU,processed,1,1
6QAX4GAX,processed,1,1
6PBAMSFF,processed,1,1
6U5C8XDJ,processed,1,1
6PX7ZCT7,processed,1,1
6RUCJDCV,processed,1,1
6WCFHXFN,processed,1,1
6UDVKQ7Q,processed,1,1
6T3X3DG2,processed,1,1
6W7L5D96,processed,1,1
6VKWF4QV,processed,1,1
6WPKR87G,processed,1,1
6WSK6I9H,no_pdfs,0,0
6WVDGWGS,no_pdfs,0,0
6XDZ22CB,no_pdfs,0,0
6YB5AS3K,no_pdfs,0,0
6YKGYNZH,no_pdfs,0,0
6ZBH9HDW,no_pdfs,0,0
6Z3T3INW,processed,1,1
6YZG2DXY,processed,1,1
6ZWEGECW,processed,1,1
6YQ7ZK57,processed,1,1
6Z56WHLP,processed,1,1
6ZMHYW4C,processed,1,1
74WQ2VA3,no_pdfs,0,0
73BC7NIT,processed,1,1
74VIZRXD,processed,1,1
72G9R84G,processed,1,1
765EW5QT,no_pdfs,0,0
755FRUIQ,no_pdfs,0,0
75VRQDQD,no_pdfs,0,0
72FFKEGV,processed,1,1
6XMTWTD9,processed,1,1
78CGXJDS,processed,1,1
78DFJ2AG,processed,1,1
78S3HTMR,no_pdfs,0,0
76WS3ZIM,processed,1,1
7B8U4ZZY,processed,1,1
76ZT8EJA,processed,1,1
755WRXEA,processed,1,1
7BZ68LJF,processed,1,1
77DDAUSD,processed,1,1
7CASK9NU,processed,1,1
7BZFI4XU,processed,1,1
7CJQUUMH,processed,1,1
7DMTUQL2,no_pdfs,0,0
77H35RVH,processed,1,1
7FUB64BE,no_pdfs,0,0
7ED6WZIV,processed,1,1
7GXCFC64,no_pdfs,0,0
7H4V79GX,processed,1,1
7I29ZABA,processed,1,1
7HBC3ECV,processed,1,1
7I9MJII3,no_pdfs,0,0
79QL3QX9,processed,1,1
7IH4SRDV,no_pdfs,0,0
7IFIZUQU,processed,1,1
7HF5758L,processed,1,1
7JEHNKCF,processed,1,1
7HKW9CS2,processed,1,1
7L747F68,processed,1,1
7KDZGZVH,processed,1,1
7N268LZK,no_pdfs,0,0
7I2VHUVF,processed,1,1
7MJZGSAC,processed,1,1
7ML7FQ85,processed,1,1
7F4MSB52,processed,1,1
7NFR9RZ5,no_pdfs,0,0
7NC7UIIX,no_pdfs,0,0
7MV4L4FP,processed,1,1
7RDLBLX5,no_pdfs,0,0
7NWVCU3E,no_pdfs,0,0
7NWQ5NGZ,processed,1,1
7NRDC29C,processed,1,1
7PQB72Y9,processed,1,1
7UDNI3EK,no_pdfs,0,0
7UCKFQVZ,processed,1,1
7UEVMV8Z,processed,1,1
7PQJU4B5,processed,1,1
7VIUSAIP,no_pdfs,0,0
7SW2H459,processed,1,1
7RWUHGCY,processed,1,1
7WVKCU98,no_pdfs,0,0
7VM4BHVK,processed,1,1
7YKDKMI8,no_pdfs,0,0
7YVALF6A,processed,1,1
7ZBH9N25,no_pdfs,0,0
7XJ8IBRV,processed,1,1
7VHF8J6C,processed,1,1
7ZW7994U,processed,1,1
82KVNTMT,processed,1,1
82QV7CMB,processed,1,1
832BCEQR,processed,1,1
7UXBEPPX,processed,1,1
84P3BTVP,processed,1,1
84U7LZY8,processed,1,1
85875NBF,no_pdfs,0,0
82Q7426B,processed,1,1
86NNFMEN,processed,1,1
86SX3N3F,no_pdfs,0,0
87E9SDJW,processed,1,1
7VWU4WUC,processed,1,1
86NPF39Y,processed,1,1
8CGUUYCU,no_pdfs,0,0
826DAHG8,processed,1,1
89K55CEY,no_pdfs,0,0
8DIIGEJY,no_pdfs,0,0
8DGBN5EU,processed,1,1
8829QC3Y,processed,1,1
8E23AW94,processed,1,1
8EM42D2M,processed,1,1
8EXCX44K,no_pdfs,0,0
86576UH4,processed,1,1
8G4MCSC7,processed,1,1
8E38WAIB,processed,1,1
8DXL3G34,processed,1,1
8HWB8HGL,no_pdfs,0,0
8FW9SSXI,processed,1,1
8HAWNIYX,processed,1,1
8IHGBG3I,processed,1,1
8IWT4WTM,no_pdfs,0,0
8IJ7ALK3,processed,1,1
8EQNQTKM,processed,1,1
8LQL49V7,no_pdfs,0,0
8KLH9IYM,processed,1,1
8MANJ9V6,no_pdfs,0,0
8JBLVPF7,processed,1,1
8MKY8SJ6,processed,1,1
8NI9M6NZ,no_pdfs,0,0
8LSEFIR8,processed,1,1
8NMSEYIE,processed,1,1
8ITIGHTM,processed,1,1
8REJS26E,no_pdfs,0,0
8QQEYMU2,no_pdfs,0,0
8T4359IX,processed,1,1
8TBKVXJ5,processed,1,1
8UBSDPU8,no_pdfs,0,0
8USMIVXP,no_pdfs,0,0
8V5D4N8G,processed,1,1
8WEXPCTA,processed,1,1
8N3MELTX,processed,1,1
8WL754LS,no_pdfs,0,0
8IDE8ML7,processed,1,1
8XC34NKV,processed,1,1
8Z9L3DGD,no_pdfs,0,0
8ZT8BAP6,no_pdfs,0,0
8QFEBF7T,processed,1,1
9233XIN9,processed,1,1
93HANT7I,no_pdfs,0,0
942SQVKC,processed,1,1
8WYIKXX8,processed,1,1
8XVZM5LA,processed,1,1
94SI4GM8,processed,1,1
95FQYKQ6,processed,1,1
95V4FV3Y,processed,1,1
95PTAJU2,processed,1,1
9695RVML,processed,1,1
8RNC5V7U,processed,1,1
94VS9UXE,processed,1,1
977CDJ4L,processed,1,1
972DFGYJ,processed,1,1
7RE6SY9L,processed,1,1
97YFDWEF,processed,1,1
98GYHAJT,processed,1,1
9885SYI8,processed,1,1
99TAV2J7,processed,1,1
92IPN7K2,processed,1,1
99LH7HVW,processed,1,1
9CY928WH,no_pdfs,0,0
9AKJYDPJ,processed,1,1
9AGR55EX,processed,1,1
9D3DYVY6,processed,1,1
9DZ9HLXP,processed,1,1
9EPSXMHJ,no_pdfs,0,0
9AB5F58D,processed,1,1
9G3S9598,no_pdfs,0,0
9AUJIY5T,processed,1,1
99GCFSZL,processed,1,1
9I4QKPUT,no_pdfs,0,0
9IJYBAZS,no_pdfs,0,0
9FT8UA62,processed,1,1
9KQC5MIH,no_pdfs,0,0
9KST9UGB,no_pdfs,0,0
9IL6KK5B,processed,1,1
9EUAIR8F,processed,1,1
9MNIBHTL,no_pdfs,0,0
9GRS7A7W,processed,1,1
9MJRYN7Q,processed,1,1
9LFNBD3M,processed,1,1
9NEW9VK6,processed,1,1
9MWGYFZ5,processed,1,1
9MX9VMK3,processed,1,1
9NG8G529,processed,1,1
9P6XEIDV,no_pdfs,0,0
9PST4DKJ,no_pdfs,0,0
9QT96PLS,no_pdfs,0,0
9G55DWLP,processed,1,1
9N3PHEMQ,processed,1,1
9QV4NLTX,processed,1,1
9NMQ3A74,processed,1,1
9RG96MQT,processed,1,1
9S9ERLZW,processed,1,1
9RJUH37J,processed,1,1
9SSK9V2H,no_pdfs,0,0
9UZZ4PM8,no_pdfs,0,0
9UERTTEV,processed,1,1
9V23GEPI,processed,1,1
9VC5LNQ7,processed,1,1
9SMAVSLU,processed,1,1
9WCG6VQD,processed,1,1
9WKA7YZW,processed,1,1
9UXFMMAY,processed,1,1
9KJ6WZIK,processed,1,1
9XLNWL5C,processed,1,1
9XBQNWKE,processed,1,1
9V7DC4B3,processed,1,1
9Z5NJQKY,processed,1,1
9ZHCIISS,processed,1,1
A263XW5W,no_pdfs,0,0
A2QBTL3T,no_pdfs,0,0
9X2JIXI8,processed,1,1
9Z5DMGVN,processed,1,1
A49LB63Z,processed,1,1
A3858TYL,processed,1,1
9NLNY6WB,processed,1,1
9YTWRRRU,processed,1,1
A5E8S592,processed,1,1
A5W4P43A,no_pdfs,0,0
A5LBADPD,processed,1,1
A6MI9276,processed,1,1
A72B7EJ3,processed,1,1
A7895TCQ,processed,1,1
A86DCDWX,no_pdfs,0,0
A8XE5ZHK,no_pdfs,0,0
A9NTMWNE,processed,1,1
A9SBNXX4,no_pdfs,0,0
AA6M26PJ,no_pdfs,0,0
A5TBS2BG,processed,1,1
AAKIBAAU,processed,1,1
A6VWP4CM,processed,1,1
A6TX4EQB,processed,1,1
ABKLWTRE,no_pdfs,0,0
ABDRHZV6,no_pdfs,0,0
AAID45I3,processed,1,1
A57KUD8V,processed,1,1
ADDPLCFS,no_pdfs,0,0
AAUMEQIV,processed,1,1
AFAZJUKS,processed,1,1
AFHJ3XHX,processed,1,1
AGMX7F4M,no_pdfs,0,0
AGHEFT2H,processed,1,1
AJ7NUQJX,no_pdfs,0,0
ACJK64M4,processed,1,1
AHCKKLLH,no_pdfs,0,0
AKQVK2FU,processed,1,1
AMCV77KQ,no_pdfs,0,0
AMF787RK,processed,1,1
AMCSVB89,processed,1,1
AMLFZ663,no_pdfs,0,0
AMG69V7K,processed,1,1
AJ3IU5BR,processed,1,1
AKNAQQC6,processed,1,1
APJRG58G,no_pdfs,0,0
AMP5SIX4,no_pdfs,0,0
ANDWHBK3,processed,1,1
AQDTNKM9,processed,1,1
APREHU6U,processed,1,1
AQJJ86RR,no_pdfs,0,0
ARI2EW8X,no_pdfs,0,0
ANJM9JG5,processed,1,1
ARRAKM69,processed,1,1
AR74EDLN,no_pdfs,0,0
ASPVJKRL,no_pdfs,0,0
ATJPNDVX,no_pdfs,0,0
ATLIQJZY,processed,1,1
ATMSC64Y,no_pdfs,0,0
AS77D9IN,processed,1,1
ATYPQJFS,processed,1,1
AGKNZD5B,processed,1,1
AVU8BQQW,no_pdfs,0,0
AWXM8PZT,no_pdfs,0,0
AWZS8GLU,no_pdfs,0,0
AWEB5C73,no_pdfs,0,0
ASFDBJDW,processed,1,1
AXD52QYH,processed,1,1
AZ45PZ4B,no_pdfs,0,0
AXFQIVVH,no_pdfs,0,0
AXQ2UZML,processed,1,1
B28PW585,no_pdfs,0,0
AZ73ZU8I,processed,1,1
AZP2YMTQ,processed,1,1
9VRGHCHS,processed,1,1
B3GSJQL7,processed,1,1
B5858TLV,no_pdfs,0,0
AVHWRZWF,processed,1,1
B6D42E49,processed,1,1
B4EH44N9,processed,1,1
B5GY45NT,processed,1,1
AT36SRFH,processed,1,1
B6KFJ9D3,processed,1,1
B8DHRBEG,processed,1,1
B8PMSUGB,no_pdfs,0,0
B9JDPS6Y,no_pdfs,0,0
B8NNB9TN,processed,1,1
BAI8VXR5,no_pdfs,0,0
B87VLTQ6,processed,1,1
B3YIQQI5,processed,1,1
B8IH5GRA,no_pdfs,0,0
BB9WZAHG,processed,1,1
BD3WSXBF,no_pdfs,0,0
B3TMSYPZ,processed,1,1
BCNP5PYA,processed,1,1
BCTQ3I73,processed,1,1
BE9VCZAX,no_pdfs,0,0
BEHACXZ4,no_pdfs,0,0
BE6KT4QV,processed,1,1
BFH63P33,no_pdfs,0,0
BFMXHFL5,no_pdfs,0,0
BEV9AH7L,processed,1,1
BCW2D4CW,processed,1,1
BGLC9BM8,no_pdfs,0,0
BGM8WXSQ,no_pdfs,0,0
BGFIK9V3,processed,1,1
BCV5PQZQ,processed,1,1
BE7EQ2IH,processed,1,1
BGQXP3BS,processed,1,1
BF83HAUH,processed,1,1
BICT3NA5,no_pdfs,0,0
BHZ2RCKA,processed,1,1
BKMU8ZWJ,no_pdfs,0,0
BH8WNZU5,processed,1,1
BKRAMC5R,no_pdfs,0,0
BH7WGFFE,processed,1,1
BHFNS9B8,processed,1,1
BITKYYUV,processed,1,1
BJH8HADY,processed,1,1
BKPELM46,processed,1,1
BN9XA5X6,no_pdfs,0,0
BL2W8AMH,processed,1,1
BLWDE7Y2,processed,1,1
BRII3DGC,processed,1,1
BPA3DMLM,processed,1,1
BS55K8SZ,processed,1,1
BSA6H3LJ,processed,1,1
BMYCA6ZZ,processed,1,1
BQIP247Z,processed,1,1
BNJEUCDQ,processed,1,1
BTJBQ9M5,no_pdfs,0,0
BV2VWHKL,no_pdfs,0,0
BYCIFEKU,no_pdfs,0,0
BVISRUC7,processed,1,1
BYNIYRDS,no_pdfs,0,0
BYY2A5L9,processed,1,1
BSEM4ABG,processed,1,1
BZIMDH8S,no_pdfs,0,0
BZ2JNBXY,no_pdfs,0,0
BTZ8SMCA,processed,1,1
BSPBYR2N,processed,1,1
BYDY5PDN,processed,1,1
BXM4LJSG,processed,1,1
C2ZP76RX,processed,1,1
C3RWT83V,processed,1,1
C34ERXZZ,processed,1,1
C53GT8H5,processed,1,1
C5ZDXQUH,no_pdfs,0,0
C25S4EED,processed,1,1
C5HHETW5,processed,1,1
C6VTSXZG,no_pdfs,0,0
C652UPFM,processed,1,1
C5M6E292,processed,1,1
C3ABP57Z,processed,1,1
C63GNBVF,processed,1,1
C7G9I4YH,processed,1,1
C8G6FRQP,no_pdfs,0,0
C782SXDY,processed,1,1
C59E8SLP,processed,1,1
C94GCX9R,processed,1,1
C9BAAHMP,no_pdfs,0,0
CAU4B87J,processed,1,1
CBGJWXY6,processed,1,1
CAEM9QZK,processed,1,1
CAALV8RT,processed,1,1
CCUEUAXG,no_pdfs,0,0
C8HIRAUT,processed,1,1
CBXJHX4Z,processed,1,1
CBJC678L,processed,1,1
CDABQVIF,processed,1,1
CDETI9EZ,processed,1,1
C89AC5GT,processed,1,1
CETPM3CF,processed,1,1
CETXWLIN,processed,1,1
CFUKEKLY,no_pdfs,0,0
CD3C5ZY3,processed,1,1
CAP7DXBB,processed,1,1
CHFSA6HE,no_pdfs,0,0
CFEPBU45,processed,1,1
CH76IXCV,processed,1,1
CHPFAHJH,processed,1,1
CDL399F3,processed,1,1
CEXSATP6,processed,1,1
CHYZIQIL,processed,1,1
CJX6B63U,processed,1,1
CKNKN5YR,no_pdfs,0,0
CKW2SHGP,processed,1,1
CKWUX9HX,no_pdfs,0,0
CI54J547,processed,1,1
CJ4ZIA5V,processed,1,1
CLRZEYSI,no_pdfs,0,0
CMTN679D,processed,1,1
CN7TKN8U,processed,1,1
CKHP6N6U,processed,1,1
CL7VHL9R,processed,1,1
CLAJNLMJ,processed,1,1
CPSDP997,no_pdfs,0,0
CPHF5S3V,no_pdfs,0,0
CQTDPJ6V,no_pdfs,0,0
CQL5L567,processed,1,1
CRLHWB8H,no_pdfs,0,0
CJSBCHWI,processed,1,1
CJE2B5VQ,processed,1,1
CNILEZ9T,processed,1,1
CRDD64Z8,processed,1,1
CRS45FBY,processed,1,1
CS5GTSJR,processed,1,1
CSLTLU6V,no_pdfs,0,0
CTK829MU,no_pdfs,0,0
CNR3MCKX,processed,1,1
CSFVM7B4,processed,1,1
CUGVVDYR,processed,1,1
CVDSC3YD,no_pdfs,0,0
CU7ZAE3D,processed,1,1
CY3XUN7V,no_pdfs,0,0
CS8PITWF,processed,1,1
CWVIICKA,processed,1,1
CUZM9AH4,processed,1,1
CYDRC4W7,no_pdfs,0,0
CY4CUPB4,processed,1,1
D2TV76KN,processed,1,1
CUB7ZV9E,processed,1,1
CZJFM3G4,processed,1,1
CY755I5A,processed,1,1
D48PUJUX,no_pdfs,0,0
CUPYR43F,processed,1,1
D39UWLKB,processed,1,1
D5DA9TNT,processed,1,1
D5I26BAB,processed,1,1
D5KJKSWY,no_pdfs,0,0
D2S8CDPH,processed,1,1
D5VQ5P8K,no_pdfs,0,0
D5ZBH27N,no_pdfs,0,0
D6V7UQ4Z,no_pdfs,0,0
D8PZQBH2,no_pdfs,0,0
D5MFICUM,processed,1,1
D9GS68VF,processed,1,1
D79GS6T8,processed,1,1
D9JSVPQ8,processed,1,1
D9U27VY3,processed,1,1
D7BHHXTW,processed,1,1
D6AHPTFC,processed,1,1
DBQXN9GR,processed,1,1
DDJBNY23,no_pdfs,0,0
DDXACSP9,no_pdfs,0,0
D6FB86AF,processed,1,1
DBSUI5GG,processed,1,1
DEGZN774,no_pdfs,0,0
DEK4JBK2,no_pdfs,0,0
DEG95LTR,processed,1,1
DCGKSGJZ,processed,1,1
DGAE8LGI,no_pdfs,0,0
DDB7MWMZ,processed,1,1
DEG5VXY7,processed,1,1
DDNFPUQP,processed,1,1
DGGM3CKQ,no_pdfs,0,0
DFJXRPRW,processed,1,1
DGDZIRZS,processed,1,1
DHCL5WUM,processed,1,1
DHZJSPX5,processed,1,1
DMMTJMZQ,processed,1,1
DHIB9DRG,processed,1,1
DJZTZNID,processed,1,1
DNMT87BB,processed,1,1
DGZUCRVC,processed,1,1
DKT7YCGA,processed,1,1
DJ4NV2WQ,processed,1,1
DPYTJR4B,processed,1,1
DPEHCVF5,processed,1,1
DQLZC9SQ,no_pdfs,0,0
DSG4YEHN,no_pdfs,0,0
DN3FQ6L5,processed,1,1
DSZUTPGQ,no_pdfs,0,0
DPCQ359J,processed,1,1
DSHEJ69J,processed,1,1
DVNDUJWZ,no_pdfs,0,0
DUW7IC4M,no_pdfs,0,0
DQ7QWBSJ,processed,1,1
DWLCMM4C,no_pdfs,0,0
DUAYYKRG,no_pdfs,0,0
DRS2W3NB,processed,1,1
DW4XT5HR,processed,1,1
DW7C4PMC,processed,1,1
DXZUCRVU,processed,1,1
DZ74V57T,no_pdfs,0,0
DZ8KKST7,no_pdfs,0,0
DY9NYGWE,processed,1,1
E357EAWV,no_pdfs,0,0
DZ4N8DPN,processed,1,1
DNL4QIQW,processed,1,1
E3XTKT8G,no_pdfs,0,0
E39LACRJ,processed,1,1
E47W3KHI,processed,1,1
DZSMWFJL,processed,1,1
E4KULU5W,no_pdfs,0,0
E45A2QED,processed,1,1
E5KF5UNP,no_pdfs,0,0
DZGIEBIU,processed,1,1
DY2KSPZ6,processed,1,1
E8EI74FB,no_pdfs,0,0
E6FSQ55I,processed,1,1
E5CA6THQ,processed,1,1
E8TR4YLE,no_pdfs,0,0
E9KG9DXL,no_pdfs,0,0
E5GL5UBB,processed,1,1
E9UHXCNE,processed,1,1
E7MVDG5E,processed,1,1
EAWS2X93,processed,1,1
EBUZBCCK,processed,1,1
ED8AARMB,processed,1,1
EDMC6AQE,processed,1,1
EERUM4LS,no_pdfs,0,0
EFJ6BIVF,no_pdfs,0,0
E5Y9TBTD,processed,1,1
EGYZXPAM,processed,1,1
EIAXCC8R,no_pdfs,0,0
EEJU9GQS,processed,1,1
EALAXSQH,processed,1,1
EIRM4CN8,no_pdfs,0,0
EID9JRN5,processed,1,1
EJEEYI2T,no_pdfs,0,0
EJS6CBVP,processed,1,1
EK8UUI8Q,no_pdfs,0,0
EBUZWZHB,processed,1,1
EKT2NHNR,no_pdfs,0,0
EJWXEXIL,processed,1,1
EJD7S27T,processed,1,1
EKEB66G4,processed,1,1
EMRUEYD9,processed,1,1
EN493BT2,no_pdfs,0,0
ENZQNNAD,no_pdfs,0,0
EAQHYYLB,processed,1,1
EMPVBIYW,processed,1,1
EPKHXJ2P,processed,1,1
ELYLWPGU,processed,1,1
EQIH3VHB,no_pdfs,0,0
EQKBVQLM,processed,1,1
ERKAL5ZD,no_pdfs,0,0
EPUTIXN5,processed,1,1
ESEFLS24,processed,1,1
ESV5KEVL,processed,1,1
ET5VIU7J,processed,1,1
EHX8Y2XH,processed,1,1
ETSEGTX8,no_pdfs,0,0
EQ9NTADY,processed,1,1
EQHQTAJG,processed,1,1
ESYN3F9P,processed,1,1
ET5XLKTU,processed,1,1
EUQ3QG9Y,processed,1,1
EVVAVZ67,no_pdfs,0,0
EWCM2KZD,no_pdfs,0,0
EWX49P6Z,no_pdfs,0,0
EXST69VN,no_pdfs,0,0
EY95ZFVV,processed,1,1
EZ5VR8GV,processed,1,1
EVUSRJJJ,processed,1,1
EV9ZYBUE,processed,1,1
F22C8BAC,processed,1,1
F2LWS2BP,processed,1,1
EZF87MUA,processed,1,1
EUYJYMGA,processed,1,1
F2XEYIBK,no_pdfs,0,0
F2MT7YSJ,processed,1,1
F2NVR7U5,processed,1,1
EL7BDZFZ,processed,1,1
F45ID6N9,no_pdfs,0,0
F3934TLG,processed,1,1
F36G5UZU,processed,1,1
F2FIPU7S,processed,1,1
F5T24CD8,no_pdfs,0,0
F5W5SAF2,no_pdfs,0,0
F6KLTVQU,processed,1,1
F5E96V32,processed,1,1
F3ES74RN,processed,1,1
F784YSGX,processed,1,1
F5D36GRW,processed,1,1
FA42DJCP,processed,1,1
F9QXDTHF,processed,1,1
F7LUZXJD,processed,1,1
FAMHWC6M,processed,1,1
FARTHJWI,no_pdfs,0,0
FASBNZMH,no_pdfs,0,0
FAT23JKI,processed,1,1
FAPGJD7N,processed,1,1
FBIZGYTJ,no_pdfs,0,0
FBJM9QHP,processed,1,1
F9XREY94,processed,1,1
FAXKK25P,processed,1,1
FBPQFKM6,processed,1,1
FCAAD5R5,processed,1,1
FEX2KJTW,no_pdfs,0,0
FG2WEUMU,no_pdfs,0,0
FB5PQH3G,processed,1,1
FGJLM3AS,processed,1,1
FGAPP86Z,processed,1,1
FHGXQY9E,processed,1,1
FHV7PZ9L,no_pdfs,0,0
FIKF7Q2H,processed,1,1
FDV92AHC,processed,1,1
FHDS2SVZ,processed,1,1
FJFBKWCU,no_pdfs,0,0
FKSVD9PU,no_pdfs,0,0
FCJ6AQJ6,processed,1,1
FKSX76MS,no_pdfs,0,0
FKH8PFD7,processed,1,1
FKW3DJUC,processed,1,1
FIQT4KVQ,processed,1,1
FMBTHP96,no_pdfs,0,0
FML9HLCT,no_pdfs,0,0
FN53YCFS,processed,1,1
F7ID9SAK,processed,1,1
FLRGFT2Q,processed,1,1
FP27YUAN,processed,1,1
FE7263DZ,processed,1,1
FRKVITLR,no_pdfs,0,0
FQ2HERVE,processed,1,1
FS26I83A,no_pdfs,0,0
FTQEBJQK,processed,1,1
FQ3RMT2A,processed,1,1
FVJW8H6V,no_pdfs,0,0
FVKFCK7G,no_pdfs,0,0
FM26RA8Z,processed,1,1
FW5M6FTG,no_pdfs,0,0
FWIF9WJA,no_pdfs,0,0
FX3QA73C,no_pdfs,0,0
FX6WXWGP,no_pdfs,0,0
FRT7ZRJF,processed,1,1
FXD45IT8,processed,1,1
FQLH24GB,processed,1,1
FVPNQHDQ,processed,1,1
FZAXILM4,processed,1,1
FUNNYB2V,processed,1,1
G22YMQK2,no_pdfs,0,0
G3ATSBL2,no_pdfs,0,0
G23LKKET,no_pdfs,0,0
G4Q5KQZT,no_pdfs,0,0
FZHMFWX5,processed,1,1
G6NIKRE4,processed,1,1
G689C98Q,processed,1,1
G6SSYTJI,processed,1,1
FQIP86US,processed,1,1
G6XY5M2A,no_pdfs,0,0
G7IBWDGY,no_pdfs,0,0
G6BKMLP9,processed,1,1
FYWCWJJT,processed,1,1
G7UV2I5G,processed,1,1
G84YUV6U,processed,1,1
G6S23655,processed,1,1
G897CDAI,processed,1,1
G92WF5F3,processed,1,1
GADYV2ZL,processed,1,1
GCRDBB36,no_pdfs,0,0
GBW9CGZ9,processed,1,1
GD29PF7M,processed,1,1
GCU77H36,processed,1,1
GEGS4HP7,no_pdfs,0,0
GFFSMWTM,processed,1,1
G8DT8DAT,processed,1,1
GFXC3V48,processed,1,1
GGFAFVIL,no_pdfs,0,0
GD2QDX5A,processed,1,1
GGBEMQIE,processed,1,1
GH9L7PV4,no_pdfs,0,0
GAXWZCB2,processed,1,1
FZ7WNUFW,processed,1,1
GH7RM58P,processed,1,1
GGTNN89L,processed,1,1
GJQPEDYJ,no_pdfs,0,0
GMGMPCFI,processed,1,1
GJF827WH,processed,1,1
GMUEYP8J,no_pdfs,0,0
GMX8L6PT,no_pdfs,0,0
GHTXSLWZ,processed,1,1
GNMXMHEE,no_pdfs,0,0
GLEGH8YS,no_pdfs,0,0
GPFUKA8A,processed,1,1
GMNENGVX,processed,1,1
GN3DXLRU,no_pdfs,0,0
GSYJG3LZ,no_pdfs,0,0
GSAMUCIS,processed,1,1
GT98UG4K,no_pdfs,0,0
GS9P36PS,processed,1,1
GU2WQ3ZM,no_pdfs,0,0
GV42GNPK,no_pdfs,0,0
GHRQGRGU,processed,1,1
GQCTU595,processed,1,1
G6SZYI6J,processed,1,1
GTHGY4KY,processed,1,1
GVXMQ286,processed,1,1
GV4QK9TP,processed,1,1
GVDNGWW8,processed,1,1
GT5ZBVDE,processed,1,1
GXLWJLSE,no_pdfs,0,0
GVXMGWEK,processed,1,1
GW3NCV56,processed,1,1
GVPQDLTB,processed,1,1
GWQZWK7V,processed,1,1
H3PMCUV9,no_pdfs,0,0
GXUNN7JL,no_pdfs,0,0
GZ473EVP,no_pdfs,0,0
H2ER3T64,processed,1,1
H3G47VK3,processed,1,1
H4DG3PJC,no_pdfs,0,0
H52XS33L,processed,1,1
H5MW5JVL,no_pdfs,0,0
H423ISEQ,processed,1,1
H6ANZHTT,no_pdfs,0,0
H6KRXUUY,processed,1,1
H5TTUX7F,processed,1,1
H72DHD2A,processed,1,1
H8IW543S,no_pdfs,0,0
H5TIFDMC,processed,1,1
H8U8J57Y,no_pdfs,0,0
H92H7NFS,no_pdfs,0,0
H973QFHE,processed,1,1
HB4NUK8I,no_pdfs,0,0
H3KI9CFR,processed,1,1
H5JB322I,processed,1,1
HBYRGZQT,processed,1,1
HDK8G67D,no_pdfs,0,0
H8R62DJE,processed,1,1
HDVM362R,no_pdfs,0,0
H8YUJ6RS,processed,1,1
HEJ2EBML,no_pdfs,0,0
HF6DQFGI,no_pdfs,0,0
HD45J9RC,processed,1,1
HAENIRN3,processed,1,1
HEZEI75B,processed,1,1
HFLLMCM7,no_pdfs,0,0
HFZTDQUC,processed,1,1
HFD3PFTK,processed,1,1
HFA5AITR,processed,1,1
HJ34K5UG,processed,1,1
HF8K37IC,processed,1,1
HE6L3CJV,processed,1,1
HKGCFW7R,no_pdfs,0,0
HI5ILJE2,no_pdfs,0,0
HLHVDNE9,no_pdfs,0,0
HLRN9E8I,no_pdfs,0,0
HLMHNV7T,no_pdfs,0,0
HLSC7M7K,no_pdfs,0,0
HJQSFWXC,processed,1,1
HJID2LS5,processed,1,1
HKVEC4FC,processed,1,1
HK3GK4WF,processed,1,1
HMNSDV72,processed,1,1
HMUWSRHQ,processed,1,1
HMRQG925,processed,1,1
HRLKNHHB,no_pdfs,0,0
HRMN4R37,no_pdfs,0,0
HQ6Y48BI,processed,1,1
HPID6SR5,processed,1,1
HS98WRD8,no_pdfs,0,0
HMV8CNKQ,processed,1,1
HNATFTJM,processed,1,1
HSLZLPMD,processed,1,1
HUS5RU23,processed,1,1
HNZQF9FL,processed,1,1
HTX9PWQS,processed,1,1
HW759SYB,processed,1,1
HVX2RN33,processed,1,1
HXXQTQM4,processed,1,1
HZVIMXI2,no_pdfs,0,0
HWT6R5KU,processed,1,1
HX29ZH5L,processed,1,1
I2A2KUEJ,processed,1,1
I2IFTG3E,processed,1,1
I3A3J5W9,processed,1,1
HZD28SJR,processed,1,1
I59W77VK,no_pdfs,0,0
I37WXHFU,processed,1,1
HXUZ5W9Z,processed,1,1
I4QXTTG2,processed,1,1
I4AXPUHI,processed,1,1
I5E625D3,processed,1,1
I5ZSHZZC,processed,1,1
HVFPQM7T,processed,1,1
I7E2SKKP,processed,1,1
IAENDMJR,no_pdfs,0,0
IAJWFK5Y,processed,1,1
I6XVVVDF,processed,1,1
I7R5U22J,processed,1,1
ICB2TS88,no_pdfs,0,0
ICBAB7CZ,no_pdfs,0,0
I8U9BTS6,processed,1,1
IC7YFR3J,processed,1,1
ICEDPQRC,no_pdfs,0,0
IAB744MW,processed,1,1
IB3EKTHS,processed,1,1
ICDMJVV5,no_pdfs,0,0
ID7FPNDI,processed,1,1
IFE66P6B,processed,1,1
IDXVLWTX,processed,1,1
IGS6NU3P,processed,1,1
IGUYDZ7R,processed,1,1
IHCKXXRY,processed,1,1
IE3BJZTQ,processed,1,1
IHMBLFKK,no_pdfs,0,0
IH39G2AQ,processed,1,1
IGGIM837,no_pdfs,0,0
IHDRWBHM,processed,1,1
IISS8W9Z,no_pdfs,0,0
I64A65GJ,processed,1,1
IKCXNNL8,no_pdfs,0,0
IHXT84A2,processed,1,1
IL6753BC,processed,1,1
IKIIH4NZ,processed,1,1
IKPW7HL3,processed,1,1
ILXCEF2A,no_pdfs,0,0
IMWETXZS,no_pdfs,0,0
IJGB9E6H,processed,1,1
IHZV7A7U,processed,1,1
ILJ2T324,processed,1,1
IPNXU3W9,no_pdfs,0,0
INKEG24I,processed,1,1
IMIHFET3,processed,1,1
IQQG496S,processed,1,1
INNRSEEA,processed,1,1
IPY5SFHG,processed,1,1
IRZTEB4F,no_pdfs,0,0
IS5CAAD7,no_pdfs,0,0
IRT4WYUG,no_pdfs,0,0
INWVCJQC,processed,1,1
ITB3WZ3L,no_pdfs,0,0
IRDZ52CL,processed,1,1
IUBJL8XZ,processed,1,1
ITHRR8JU,processed,1,1
IVF54HRH,no_pdfs,0,0
IV3Z82RQ,processed,1,1
IWI8IA22,no_pdfs,0,0
IX4GHIAM,no_pdfs,0,0
IXGV8QJE,no_pdfs,0,0
IZ5DM2MJ,no_pdfs,0,0
ISPI7C58,processed,1,1
ISU8XT36,processed,1,1
IZH82KUU,processed,1,1
ISY49SCN,processed,1,1
J2W5IS8E,no_pdfs,0,0
J343SAI7,no_pdfs,0,0
IQ2CL67T,processed,1,1
IZF3Y879,processed,1,1
J24BPU3V,processed,1,1
J37FNN8N,processed,1,1
IVX72NYG,processed,1,1
J3S7JDRG,processed,1,1
J7PUX7R6,no_pdfs,0,0
J5J2H99E,processed,1,1
J93ZJBWZ,processed,1,1
JAGKWTLV,no_pdfs,0,0
JA7GCWV9,processed,1,1
J5GIRYCQ,processed,1,1
JBN3ZF35,no_pdfs,0,0
JCX58A8R,no_pdfs,0,0
JASFZMJL,processed,1,1
JD234AG6,no_pdfs,0,0
JDE4F3PI,processed,1,1
JDFD4XCL,processed,1,1
JEDY4GLB,no_pdfs,0,0
J6A46UMY,processed,1,1
J3TLFREE,processed,1,1
JDG7IGWW,processed,1,1
JAM5ZHDQ,processed,1,1
J54U2H8I,processed,1,1
JGAQIKHH,processed,1,1
JFKAPA8X,processed,1,1
JI24RMNU,processed,1,1
JI2R26X3,processed,1,1
JI9ZWPTB,processed,1,1
JH3P4T4G,processed,1,1
JGQZ5VTB,processed,1,1
JLU3RL58,no_pdfs,0,0
JHR2N8NK,processed,1,1
JLPEI55B,processed,1,1
JIHWMNJS,processed,1,1
JPDIAYQ3,processed,1,1
JLXWKCGU,processed,1,1
JKJY352I,processed,1,1
JNH5Z7PD,processed,1,1
JQLG5FUW,no_pdfs,0,0
JRL6YHLN,no_pdfs,0,0
JEW7CYKT,processed,1,1
JQC63KFR,processed,1,1
JQVFGXEH,no_pdfs,0,0
JR59U5UN,processed,1,1
JSA3RHLP,processed,1,1
JSUH7HWH,no_pdfs,0,0
JUVP6AW2,no_pdfs,0,0
JW8I5CEA,no_pdfs,0,0
JVDLMTLA,no_pdfs,0,0
JTQN84P7,no_pdfs,0,0
JYP4WJKX,processed,1,1
K2AFN2LC,no_pdfs,0,0
JVMU9XJH,processed,1,1
K34IUV3M,no_pdfs,0,0
JTVQ56NA,processed,1,1
JZIXG9ZN,processed,1,1
K2SMEHWY,processed,1,1
K4ECC7PU,processed,1,1
K4JTCUDJ,no_pdfs,0,0
K4JITADW,processed,1,1
K522FSRF,no_pdfs,0,0
K56FE2CL,processed,1,1
K5DKGZS9,no_pdfs,0,0
K5S7K7I3,no_pdfs,0,0
K4UVQXAL,processed,1,1
JZQW87YS,processed,1,1
K6CYSIZH,no_pdfs,0,0
K3748ITD,processed,1,1
K8UYNQ6X,no_pdfs,0,0
K98FV5AQ,no_pdfs,0,0
K3S4P274,processed,1,1
K9ILUYYU,no_pdfs,0,0
K5ZKDUIN,processed,1,1
KAQK85NQ,no_pdfs,0,0
K7IXFUJL,processed,1,1
KCJ87RHI,no_pdfs,0,0
KC2IGDUU,no_pdfs,0,0
JS22S6RX,processed,1,1
KCP6B3CN,no_pdfs,0,0
KDI3RFA6,processed,1,1
K5Z56DFN,processed,1,1
KCLVHGJJ,processed,1,1
KEGF7LX3,no_pdfs,0,0
K9N5RAY7,processed,1,1
KGLS8GKL,processed,1,1
KDLURM56,processed,1,1
KGP7EPCH,processed,1,1
KCUCBMTK,processed,1,1
KIXTA5MF,processed,1,1
KDVNVT3G,processed,1,1
KK46KBZT,processed,1,1
KL7LD33D,no_pdfs,0,0
KK8IA45K,processed,1,1
KKY4S2F9,processed,1,1
KJSSBCCW,processed,1,1
KP5YQ5NP,processed,1,1
KPBKECKJ,no_pdfs,0,0
KPDF5RKW,processed,1,1
KP3ZEA66,processed,1,1
KQIA8Z39,processed,1,1
KMS25P3N,processed,1,1
KQVVIDMS,processed,1,1
KPP2GG7Y,processed,1,1
KR5UDA8G,processed,1,1
KQIAVJY9,processed,1,1
KS8EXLWT,processed,1,1
KRKQWJJP,processed,1,1
KSGY9HF2,processed,1,1
KU4J2QKP,processed,1,1
KTZSWKXL,processed,1,1
KTVLRGFS,processed,1,1
KV2NWTDF,processed,1,1
KFTC3TDS,processed,1,1
KVD3VKWK,no_pdfs,0,0
KVFWP39N,no_pdfs,0,0
KUBZZPBN,processed,1,1
KZAPAL3R,processed,1,1
L23TASHC,processed,1,1
L2MUSEPY,no_pdfs,0,0
L34G88KY,processed,1,1
KPMDGPJA,processed,1,1
L3TRWMA8,no_pdfs,0,0
KYQX56CV,processed,1,1
L4R3RBNX,no_pdfs,0,0
L4R9HX32,processed,1,1
L59FYLZH,processed,1,1
KV5ITXAX,processed,1,1
L5QATXGW,processed,1,1
L5TYCJ48,no_pdfs,0,0
L5WKD65G,no_pdfs,0,0
L6IBBMDT,no_pdfs,0,0
L5PDC268,processed,1,1
L6UMJ98X,processed,1,1
L848J5QF,no_pdfs,0,0
L6DGA4YK,processed,1,1
KU693AX2,processed,1,1
L9GJWBYK,no_pdfs,0,0
L9HPLGP5,no_pdfs,0,0
L968SBJG,processed,1,1
L7FDMYVE,processed,1,1
LA3GITI2,no_pdfs,0,0
L9ICB2YR,processed,1,1
L88PAVNT,processed,1,1
LARKJYZJ,no_pdfs,0,0
LBU96RBJ,processed,1,1
LCE6Q45N,no_pdfs,0,0
LCMCHRKF,processed,1,1
LD8EZPLQ,no_pdfs,0,0
LBHC7GCS,processed,1,1
LDJGCZD7,processed,1,1
LA5IBAUC,processed,1,1
LF4MW93X,no_pdfs,0,0
LFNAFPB5,processed,1,1
LDIX57MS,processed,1,1
LA2MGJN5,processed,1,1
LF24U99M,processed,1,1
LHJZ4PJ2,no_pdfs,0,0
LJ9AMP4G,no_pdfs,0,0
LJERMPUK,no_pdfs,0,0
LH92QB65,processed,1,1
L6ZKLLML,processed,1,1
LIQ7CKRR,processed,1,1
LKAJ8Q9Y,processed,1,1
LKSWIPVE,no_pdfs,0,0
LLU6IK5G,no_pdfs,0,0
LKF53J4J,processed,1,1
LM2JRGPM,no_pdfs,0,0
LMLF2MEW,no_pdfs,0,0
LGGKLGDG,processed,1,1
LJUTVG3M,processed,1,1
LLZUA2VZ,processed,1,1
LNUXG9BI,no_pdfs,0,0
LPMGD6LD,no_pdfs,0,0
LPRH8SGS,processed,1,1
LQ358W7J,no_pdfs,0,0
LQAIUX4A,no_pdfs,0,0
LNYG24N9,processed,1,1
LPVGHU96,processed,1,1
LRPAT5C7,no_pdfs,0,0
LMWK89BS,processed,1,1
LJLHCAAJ,processed,1,1
LUFINFHK,no_pdfs,0,0
LV2EUP4T,no_pdfs,0,0
LVX8BZDR,no_pdfs,0,0
LQXJ35IY,processed,1,1
LTP3F96R,processed,1,1
LWN4W6DL,no_pdfs,0,0
LWIIG6U4,processed,1,1
LRI9BBGA,processed,1,1
LVGDMHXI,processed,1,1
LY2WSKTE,processed,1,1
LWLYX3W3,processed,1,1
LWRKE4RZ,processed,1,1
M28SZLED,no_pdfs,0,0
M2AGHQS4,no_pdfs,0,0
KC4EHYUN,processed,1,1
M2C9HIJC,processed,1,1
M28E3V7N,processed,1,1
LZMAT28C,processed,1,1
LZYN84RA,processed,1,1
M2BN4432,processed,1,1
M4M9AVQL,no_pdfs,0,0
M3FXZDP6,processed,1,1
M5NL87JS,no_pdfs,0,0
M3MTFJH5,processed,1,1
M4VLMA9Y,processed,1,1
M6Z9JX8G,processed,1,1
M7DEGUS6,no_pdfs,0,0
M4CXRWHY,processed,1,1
M5Z8KU84,processed,1,1
M6TFUHJH,processed,1,1
M28KNVT3,processed,1,1
M9ZNRMQ7,no_pdfs,0,0
M47T5NY6,processed,1,1
MAX4F4GF,no_pdfs,0,0
MBZAWDK4,no_pdfs,0,0
MCV6ZGTQ,no_pdfs,0,0
MBJYUUIK,processed,1,1
MD5WYXM9,processed,1,1
MA7UPJ5I,processed,1,1
MCZVCPTX,processed,1,1
MBSMQZH9,processed,1,1
MDD6D8LL,processed,1,1
MA9DW2NN,processed,1,1
MD874F5U,processed,1,1
MDVS44FM,processed,1,1
M92QK23J,processed,1,1
MFKLIPAJ,no_pdfs,0,0
MFPDM3WT,processed,1,1
MH94JZ42,no_pdfs,0,0
MEDSA7SB,processed,1,1
MHYELYSZ,processed,1,1
MGFSNF2R,processed,1,1
MJGCIYZC,no_pdfs,0,0
MJJ4TSJZ,no_pdfs,0,0
MI74YWVS,processed,1,1
MKSVU7R7,no_pdfs,0,0
MHAHQZ58,processed,1,1
MK7ZTPSM,processed,1,1
MJ9IMK6A,processed,1,1
MLSVJYSQ,processed,1,1
MN4ZD3SG,no_pdfs,0,0
MMYP25FQ,processed,1,1
MN8QIMGZ,no_pdfs,0,0
MP2FUF3Z,no_pdfs,0,0
MP4BKEFC,no_pdfs,0,0
MIEQF3RX,processed,1,1
MQPFN6DI,no_pdfs,0,0
MPFQRB9T,processed,1,1
MR4IXC2W,no_pdfs,0,0
MRHY5YH7,processed,1,1
MLGZZDCV,processed,1,1
MK38IQ6X,processed,1,1
MSYM253T,processed,1,1
MRYE6HIF,processed,1,1
MW5ILYSZ,no_pdfs,0,0
MWJR7DA5,no_pdfs,0,0
MQV8HZME,processed,1,1
MX7SAKKD,no_pdfs,0,0
MTWEHE6C,processed,1,1
MPXF4GDH,processed,1,1
MYK2QR3T,processed,1,1
MYYCENRZ,no_pdfs,0,0
MWXCHD2I,processed,1,1
MZEKUG3P,no_pdfs,0,0
MZH7SXYR,no_pdfs,0,0
MRL3I58X,processed,1,1
MXFSSLU3,processed,1,1
N2B6L7UX,processed,1,1
N3HGQEF4,no_pdfs,0,0
MLSIUEPN,processed,1,1
N44VM9AN,no_pdfs,0,0
MYHCCRP4,processed,1,1
N5NKTMXT,no_pdfs,0,0
N5L3XA5C,processed,1,1
MYZ5FAPB,processed,1,1
N5DQ2S55,processed,1,1
N64VTZGI,processed,1,1
N784EU2N,no_pdfs,0,0
NBIK7949,no_pdfs,0,0
NAL78NQD,processed,1,1
NDIMCXEX,no_pdfs,0,0
NDJHS6F9,no_pdfs,0,0
NDNICPSD,no_pdfs,0,0
NEI9YFZQ,processed,1,1
ND42QVL7,processed,1,1
NATB455U,processed,1,1
N6UYLLIL,processed,1,1
N4H82J7Z,processed,1,1
NFGT93GL,processed,1,1
NFSC7H69,processed,1,1
N4N3I288,processed,1,1
NH6MB9TE,processed,1,1
NIBRVZS9,processed,1,1
NJ45NLJV,no_pdfs,0,0
NIAMIKAQ,processed,1,1
NJLLJT4M,processed,1,1
NLHCESZZ,no_pdfs,0,0
NLJC9229,processed,1,1
NLYF3CZW,no_pdfs,0,0
NN34BAAM,no_pdfs,0,0
NGXMGYFP,processed,1,1
NLFGRINK,processed,1,1
NPBMJU8Z,processed,1,1
NPJNKDR4,processed,1,1
NQQ64VUE,no_pdfs,0,0
NT4WJYJK,processed,1,1
NHXPUZFX,processed,1,1
NJ8C4DKH,processed,1,1
NTXFB5I3,no_pdfs,0,0
NPPJEVTE,processed,1,1
NV3FQHJN,processed,1,1
NVC9F5NW,processed,1,1
NTIN9YDY,processed,1,1
NVNFLI4M,processed,1,1
NW6TCWVP,no_pdfs,0,0
NW6ZVPES,no_pdfs,0,0
NXABZLYJ,processed,1,1
NYMBFQRK,no_pdfs,0,0
NVPCUA5Z,processed,1,1
NZHSUUYS,no_pdfs,0,0
NIVESU2P,processed,1,1
NPZDAMV9,processed,1,1
NWZP4RDP,processed,1,1
NYP45UEF,processed,1,1
NZV974WA,processed,1,1
P4B5G9BH,no_pdfs,0,0
P4UXAD9E,processed,1,1
P58KTH67,processed,1,1
P5Y4REFQ,no_pdfs,0,0
P62P898J,no_pdfs,0,0
NVBH3HU9,processed,1,1
P6D6R6FE,no_pdfs,0,0
P6BSZ7HQ,processed,1,1
P3HLA6GK,processed,1,1
P6W3Y64Y,no_pdfs,0,0
P78W6GYG,processed,1,1
P42EB4KI,processed,1,1
P3NF6SHP,processed,1,1
P8IEF8ID,no_pdfs,0,0
P7KTJPJK,processed,1,1
PAVHTNCC,no_pdfs,0,0
PAIF98T8,processed,1,1
P8V4IJNI,processed,1,1
P29S8352,processed,1,1
PBFXPF49,no_pdfs,0,0
PBQ3RR5R,no_pdfs,0,0
P6INGV8R,processed,1,1
PBR4PGT3,processed,1,1
PCX654Q3,no_pdfs,0,0
PB5FW7MY,processed,1,1
PD8Z7A3B,no_pdfs,0,0
PDC94BG2,no_pdfs,0,0
PCVB534V,processed,1,1
PD6AIDH5,processed,1,1
PEKJFXWV,processed,1,1
PERQRT2V,no_pdfs,0,0
PFTMK9RE,no_pdfs,0,0
PBB54GPE,processed,1,1
P7KZ3V5R,processed,1,1
PHUKNHR4,no_pdfs,0,0
PGA3N4BM,processed,1,1
PHR3NG44,processed,1,1
PHDVH3XI,processed,1,1
PHZWGRHR,no_pdfs,0,0
PIGLHLP8,processed,1,1
PAZDMU5R,processed,1,1
PKN4TTB4,no_pdfs,0,0
PLAN5VPZ,no_pdfs,0,0
PK2D3EEI,processed,1,1
PL877ECI,processed,1,1
PIMM7ANT,processed,1,1
PNY7WLLP,no_pdfs,0,0
PLGHPQHU,processed,1,1
PMWU7UNY,processed,1,1
PQ5TPHNC,no_pdfs,0,0
PQ6TV62L,no_pdfs,0,0
PEJ4CJQQ,processed,1,1
PPW9IVN4,processed,1,1
PPUY6ZUV,processed,1,1
PMFPQBBF,processed,1,1
PS8LG46G,no_pdfs,0,0
PQJ3S2C5,processed,1,1
PQQ2VK35,processed,1,1
PQHH9XZ4,processed,1,1
PRUPQXN3,processed,1,1
PLZW7FZN,processed,1,1
PSWQFFYQ,processed,1,1
PUVQMHXJ,no_pdfs,0,0
PTSLWALZ,no_pdfs,0,0
PVJV5PNX,no_pdfs,0,0
PT2BJ3YD,processed,1,1
PUFC35XM,processed,1,1
PTXEWAGU,no_pdfs,0,0
PYS8P4RJ,no_pdfs,0,0
PYWTSIL7,no_pdfs,0,0
PX225UVG,processed,1,1
PZ63YWAL,no_pdfs,0,0
PX385Q3V,processed,1,1
PXV4NWNK,processed,1,1
PX8V9ZQX,processed,1,1
Q3AT72DN,no_pdfs,0,0
PX9HYRUT,processed,1,1
Q29F7UGZ,no_pdfs,0,0
Q3WRMF9S,no_pdfs,0,0
PZSSX9J2,processed,1,1
Q3KGR9UT,processed,1,1
Q44MYRH7,no_pdfs,0,0
Q427IYXG,processed,1,1
PZI2LLNM,processed,1,1
Q4YIFIVH,no_pdfs,0,0
Q253NQEM,processed,1,1
Q45ICQZC,processed,1,1
Q4DLNT3V,no_pdfs,0,0
Q53SKLL6,no_pdfs,0,0
Q6TWH3VD,no_pdfs,0,0
Q4BA64C5,processed,1,1
Q94HR93P,no_pdfs,0,0
Q3Y78DR9,processed,1,1
Q5RYUDBX,processed,1,1
QCAUEWC8,no_pdfs,0,0
Q58NR8MV,processed,1,1
QAV7BX3L,processed,1,1
QC56K7J9,processed,1,1
Q73RKPL9,processed,1,1
QCZ7N6TY,processed,1,1
QDEXG7G7,processed,1,1
QEKCHG44,processed,1,1
QEUKXDKN,processed,1,1
QEYTQZLW,processed,1,1
QFCJBTR7,no_pdfs,0,0
QFR6S2J4,no_pdfs,0,0
QGPBMMWR,no_pdfs,0,0
QEJCAUMV,processed,1,1
QD74MCAM,processed,1,1
QHLTFQ8K,processed,1,1
QCUWMXI5,processed,1,1
QF66I8JJ,processed,1,1
QD5LP7PH,processed,1,1
QHU4SVIU,no_pdfs,0,0
QI4HDZUT,no_pdfs,0,0
QI2LFBM6,processed,1,1
QKMQDF37,no_pdfs,0,0
QICE5MXZ,processed,1,1
QKZU28C3,no_pdfs,0,0
QK3X4D6T,processed,1,1
QLVDNDQL,no_pdfs,0,0
QI2I4PDP,processed,1,1
QL797SB5,processed,1,1
QM3BFT9J,no_pdfs,0,0
QNEW93PF,no_pdfs,0,0
QJTGMLEX,processed,1,1
QMQF2UP8,processed,1,1
QNSSKWIX,processed,1,1
QLWIBUTJ,processed,1,1
QPGE9H9G,no_pdfs,0,0
QP29GJKN,processed,1,1
QQ2ALX76,no_pdfs,0,0
QQ8G82NY,no_pdfs,0,0
QTHFA7WE,no_pdfs,0,0
QTWNB2KR,no_pdfs,0,0
QJ3TPUU7,processed,1,1
QVAGSI7E,no_pdfs,0,0
QVMMBCE2,no_pdfs,0,0
QXEAVQAB,no_pdfs,0,0
QY52IWWZ,processed,1,1
QYVLJLPW,no_pdfs,0,0
QZ7HH7CV,no_pdfs,0,0
QZB6T5EY,no_pdfs,0,0
QZDK33LX,processed,1,1
QNRJY9A4,processed,1,1
R2I42FHC,no_pdfs,0,0
R38XLQMT,processed,1,1
QQKKZ2GG,processed,1,1
R3KRQET5,processed,1,1
QLP2RHKA,processed,1,1
QZFL7ZQ6,processed,1,1
R464MR68,processed,1,1
R4A45L24,no_pdfs,0,0
R4FJ4P6I,no_pdfs,0,0
QT2C8C9H,processed,1,1
R3APGI3X,processed,1,1
R3UWIHG8,processed,1,1
R85YSKTI,no_pdfs,0,0
R8SWGI5D,no_pdfs,0,0
R6YTV5ED,processed,1,1
R8TYSCXR,no_pdfs,0,0
R5GUG82H,no_pdfs,0,0
QU5973U7,processed,1,1
R97KLEQT,no_pdfs,0,0
RBYHFS2C,processed,1,1
RCWE7DE6,no_pdfs,0,0
RCYP3UX5,processed,1,1
RB2ZQWBZ,processed,1,1
R7FVAVQB,processed,1,1
RF6TBFVB,no_pdfs,0,0
RBLXQFQT,processed,1,1
R9WNX7WG,processed,1,1
RGQGBKU4,no_pdfs,0,0
RF5JHEF2,processed,1,1
RHTZ4E8S,no_pdfs,0,0
REY9Y2IC,processed,1,1
RHWGVI4Q,processed,1,1
RHZXX9WU,no_pdfs,0,0
RHYET9H6,no_pdfs,0,0
RIK32F5V,no_pdfs,0,0
RH2FMHD7,processed,1,1
RIYTB8VT,no_pdfs,0,0
RIPIPJU5,processed,1,1
RGGP38Q5,processed,1,1
RIA9M5R9,processed,1,1
RLFW2IFP,no_pdfs,0,0
RK4LJG99,processed,1,1
RM7SCPWF,processed,1,1
RFHAGUEJ,processed,1,1
RNAND373,processed,1,1
RKADXJAY,processed,1,1
RP8M7ZAL,processed,1,1
R3UVY3LP,processed,1,1
RQIL9YJW,no_pdfs,0,0
RQP9ZBRB,no_pdfs,0,0
RQZL5HUM,no_pdfs,0,0
RR9LXUDM,no_pdfs,0,0
RMJAGKKL,processed,1,1
RPQJNAB7,processed,1,1
RPW33RZ6,processed,1,1
RSSANN7L,processed,1,1
RRTY3QB3,processed,1,1
RMSDEYIU,processed,1,1
RSVSNXRT,processed,1,1
RWR78M4E,processed,1,1
RUCX2BJZ,processed,1,1
RWIRR5DA,processed,1,1
RWX5HSXB,processed,1,1
RY2A6GCF,no_pdfs,0,0
RY7NZSLT,processed,1,1
RY9AQAJH,no_pdfs,0,0
RYEW899W,no_pdfs,0,0
RXYED8QG,processed,1,1
RZZYLDDG,no_pdfs,0,0
RTHNF795,processed,1,1
RYJ7LI2K,processed,1,1
S2PE5D9G,no_pdfs,0,0
RXZRGMDS,processed,1,1
S2W83AU6,processed,1,1
S2XJ38DU,processed,1,1
S352IUPZ,processed,1,1
S4TJFPLQ,processed,1,1
S5II72WA,processed,1,1
S5LCKTPS,no_pdfs,0,0
S5ALJLF6,no_pdfs,0,0
S4SZHTDY,processed,1,1
RUXTTLJ2,processed,1,1
S69NWZKV,processed,1,1
S6IEUBN8,processed,1,1
S7BBLIXI,no_pdfs,0,0
S744U4L3,processed,1,1
S7GBIYVV,no_pdfs,0,0
S6PV6WIB,processed,1,1
S7EX3D49,processed,1,1
S8N493SB,no_pdfs,0,0
S8HXY2FT,processed,1,1
S7P2FVBM,processed,1,1
S8GANUYA,processed,1,1
S9TUAMFN,no_pdfs,0,0
SADJ2TAY,no_pdfs,0,0
SB8E8NC8,no_pdfs,0,0
SBH93TCP,no_pdfs,0,0
SBV8MX8J,no_pdfs,0,0
SBBV9IMH,processed,1,1
SBXSWGCF,no_pdfs,0,0
SC25R764,no_pdfs,0,0
SC3CCR8L,no_pdfs,0,0
S8RXCANH,processed,1,1
SC9MMFKG,no_pdfs,0,0
RJNXJFQT,processed,1,1
SBWPCEF9,processed,1,1
SCURMG7U,no_pdfs,0,0
SCJSNRZW,processed,1,1
SD3VJM3Z,no_pdfs,0,0
SC62V7LP,processed,1,1
SCP77PGA,processed,1,1
SBD4WR7J,processed,1,1
SDWQT52M,no_pdfs,0,0
SD9VV4BA,no_pdfs,0,0
SDVFWEET,no_pdfs,0,0
SEMPHDAC,processed,1,1
SHCFM529,processed,1,1
SHELHTAL,processed,1,1
SHUM5GZ9,no_pdfs,0,0
SI2RS7GN,no_pdfs,0,0
S5RTYIUW,processed,1,1
SFSEY3VE,processed,1,1
SICLJK9H,no_pdfs,0,0
SDYKAY5Y,processed,1,1
SMEDDUXW,no_pdfs,0,0
SCUWX2NF,processed,1,1
SLT6NV9Z,no_pdfs,0,0
SKZTJUFE,processed,1,1
SN4EP34P,no_pdfs,0,0
SPXER3XW,no_pdfs,0,0
SPZLTS5Z,no_pdfs,0,0
SNWR5CLW,processed,1,1
SQJX9J53,no_pdfs,0,0
SFV2WSND,processed,1,1
SLAHC6WW,processed,1,1
SPUD4MUZ,processed,1,1
SQSRYRQ2,processed,1,1
SQGRD9DQ,processed,1,1
SRTMWCX8,no_pdfs,0,0
SPQS2JXL,processed,1,1
SS9VGLGL,processed,1,1
SRXXN7NR,processed,1,1
STPWMITI,processed,1,1
STLMPGRW,processed,1,1
SUNS9P3A,processed,1,1
SV7NXUL8,processed,1,1
SSYXJSNE,processed,1,1
SRBZIV93,processed,1,1
SWJHKJXP,no_pdfs,0,0
STVV5WKL,processed,1,1
SVLRLNEH,processed,1,1
SY8YRBJ7,processed,1,1
SZLR6SIZ,processed,1,1
SZULZQ55,processed,1,1
SYKRR9GD,processed,1,1
T2JW2XQQ,processed,1,1
SR4A3SQA,processed,1,1
T224DBZ3,processed,1,1
SZERBHQU,processed,1,1
T2VQRQN5,processed,1,1
T3BKS2ZH,processed,1,1
T2E5UC4C,processed,1,1
STJ82PWV,processed,1,1
T49EMTQG,processed,1,1
T6QGJAIX,no_pdfs,0,0
T7F6RY8G,no_pdfs,0,0
T58YFPHV,processed,1,1
T6ZMMCIW,processed,1,1
T9JQ9J6K,processed,1,1
T4ZW3XHN,processed,1,1
T4DGMFEP,processed,1,1
TBYSJXBG,no_pdfs,0,0
T59S9B39,processed,1,1
TASG7P44,processed,1,1
TFWWU8DP,no_pdfs,0,0
TG3G3XRV,no_pdfs,0,0
TC4FVLXY,processed,1,1
TAYQA5NG,processed,1,1
TGJSDJNZ,no_pdfs,0,0
TFFWXMK2,processed,1,1
TFE6EL3R,processed,1,1
TAHPUJ42,processed,1,1
TGJAMQL3,processed,1,1
TJXTZUT9,no_pdfs,0,0
TK5FS7UY,no_pdfs,0,0
TKH9IXN7,processed,1,1
TJV4YG7R,processed,1,1
TJKPLNUM,processed,1,1
tmp-08usR7,no_pdfs,0,0
TKHZV2C9,processed,1,1
TH5I8QL5,processed,1,1
tmp-0GXuY1,no_pdfs,0,0
THY2E27K,processed,1,1
tmp-0uTyIt,no_pdfs,0,0
TLYLZ9LE,no_pdfs,0,0
TJ282JGV,processed,1,1
tmp-17NY23,no_pdfs,0,0
tmp-09Yvmf,no_pdfs,0,0
tmp-1JtamY,no_pdfs,0,0
tmp-1MEEYD,no_pdfs,0,0
tmp-1qB1S1,no_pdfs,0,0
tmp-1WuYuu,no_pdfs,0,0
tmp-1QXhLH,no_pdfs,0,0
tmp-2BJRYC,no_pdfs,0,0
tmp-23INKE,no_pdfs,0,0
tmp-30HqjM,no_pdfs,0,0
tmp-2Nsgzs,no_pdfs,0,0
tmp-32e32I,no_pdfs,0,0
tmp-3SQZM2,no_pdfs,0,0
tmp-3vCewE,no_pdfs,0,0
tmp-3lzR4k,no_pdfs,0,0
tmp-4l9kzc,no_pdfs,0,0
tmp-4LXgi2,no_pdfs,0,0
tmp-4OgrhI,no_pdfs,0,0
tmp-4jFBY4,no_pdfs,0,0
tmp-5aWLju,no_pdfs,0,0
tmp-5vOkwt,no_pdfs,0,0
tmp-4wXGJD,no_pdfs,0,0
tmp-5YJDYr,no_pdfs,0,0
tmp-5NUHRQ,no_pdfs,0,0
tmp-6IRha4,no_pdfs,0,0
tmp-70WgzT,no_pdfs,0,0
tmp-6CWhEu,no_pdfs,0,0
tmp-7bpPrN,no_pdfs,0,0
tmp-6DQ79H,no_pdfs,0,0
tmp-8n49Na,no_pdfs,0,0
tmp-7xSKp6,no_pdfs,0,0
tmp-8hAfzX,no_pdfs,0,0
tmp-7HYF9z,no_pdfs,0,0
tmp-8tvVdy,no_pdfs,0,0
tmp-8vfcc2,no_pdfs,0,0
tmp-8XMi2k,no_pdfs,0,0
tmp-9oYBeX,no_pdfs,0,0
tmp-ADp5Pc,no_pdfs,0,0
tmp-aFRCZo,no_pdfs,0,0
tmp-aw1jnx,no_pdfs,0,0
tmp-aSlTqZ,no_pdfs,0,0
tmp-BMGsrY,no_pdfs,0,0
tmp-bzbYCn,no_pdfs,0,0
tmp-bc51Lb,no_pdfs,0,0
tmp-c3WmKB,no_pdfs,0,0
tmp-D0fU43,no_pdfs,0,0
tmp-CfTgbY,no_pdfs,0,0
tmp-CEgXM1,no_pdfs,0,0
tmp-dBFqSO,no_pdfs,0,0
tmp-dTszpY,no_pdfs,0,0
tmp-e9yeqa,no_pdfs,0,0
tmp-dozN3u,no_pdfs,0,0
tmp-EAJNKW,no_pdfs,0,0
tmp-Dhn7za,no_pdfs,0,0
tmp-dUR74J,no_pdfs,0,0
tmp-e61Gmy,no_pdfs,0,0
tmp-eHQMeY,no_pdfs,0,0
tmp-eP33B7,no_pdfs,0,0
tmp-eRGR5n,no_pdfs,0,0
tmp-eTeRer,no_pdfs,0,0
tmp-F0OloD,no_pdfs,0,0
tmp-FjNYPT,no_pdfs,0,0
tmp-FfPv8k,no_pdfs,0,0
tmp-fDNDjt,no_pdfs,0,0
tmp-GdfQUg,no_pdfs,0,0
tmp-fNcDOd,no_pdfs,0,0
tmp-FjYMBK,no_pdfs,0,0
tmp-fVfh9z,no_pdfs,0,0
tmp-g2BQ2u,no_pdfs,0,0
tmp-gUYeQC,no_pdfs,0,0
tmp-gEXtMa,no_pdfs,0,0
tmp-h8iBoy,no_pdfs,0,0
tmp-HfSKi8,no_pdfs,0,0
tmp-hGmXG5,no_pdfs,0,0
tmp-hSgLyK,no_pdfs,0,0
tmp-hqt0OS,no_pdfs,0,0
tmp-HsMTlL,no_pdfs,0,0
tmp-hu47K2,no_pdfs,0,0
tmp-hUoizO,no_pdfs,0,0
tmp-Hr7NMk,no_pdfs,0,0
tmp-IUPAPC,no_pdfs,0,0
tmp-IdoKSW,no_pdfs,0,0
tmp-iVBrNx,no_pdfs,0,0
tmp-innwFh,no_pdfs,0,0
tmp-j14Zg1,no_pdfs,0,0
tmp-IBZQY1,no_pdfs,0,0
tmp-jcvUhw,no_pdfs,0,0
tmp-j5htHi,no_pdfs,0,0
tmp-j6YGWc,no_pdfs,0,0
tmp-jp8jhH,no_pdfs,0,0
tmp-jPL0SR,no_pdfs,0,0
tmp-Jjiyjy,no_pdfs,0,0
tmp-JPrPdd,no_pdfs,0,0
tmp-jqTqfj,no_pdfs,0,0
tmp-Ku4EE2,no_pdfs,0,0
tmp-Ko1HI1,no_pdfs,0,0
tmp-kgsFmf,no_pdfs,0,0
tmp-k0Vx88,no_pdfs,0,0
tmp-Kkk8Ze,no_pdfs,0,0
tmp-lhPOrA,no_pdfs,0,0
tmp-LMiapF,no_pdfs,0,0
tmp-l8x49p,no_pdfs,0,0
tmp-lyYD7Z,no_pdfs,0,0
tmp-LZmOLm,no_pdfs,0,0
tmp-mlF6oO,no_pdfs,0,0
tmp-MQDmLf,no_pdfs,0,0
tmp-nS4aTq,no_pdfs,0,0
tmp-MmlNei,no_pdfs,0,0
tmp-N8rfN1,no_pdfs,0,0
tmp-OfDGgQ,no_pdfs,0,0
tmp-NydKHM,no_pdfs,0,0
tmp-nXkFHS,no_pdfs,0,0
tmp-OPohVm,no_pdfs,0,0
tmp-oFSSeU,no_pdfs,0,0
tmp-OvLVik,no_pdfs,0,0
tmp-oy1kg8,no_pdfs,0,0
tmp-Owx0Zp,no_pdfs,0,0
tmp-p5QNbu,no_pdfs,0,0
tmp-Pmt52u,no_pdfs,0,0
tmp-pp92ao,no_pdfs,0,0
tmp-PpVkvk,no_pdfs,0,0
tmp-pWLRMH,no_pdfs,0,0
tmp-qQJfTa,no_pdfs,0,0
tmp-qqZQSg,no_pdfs,0,0
tmp-qE5FNX,no_pdfs,0,0
tmp-pS6lnT,no_pdfs,0,0
tmp-qTMTIX,no_pdfs,0,0
tmp-QwYce6,no_pdfs,0,0
tmp-qXRfkL,no_pdfs,0,0
tmp-R4uVin,no_pdfs,0,0
tmp-QZW72E,no_pdfs,0,0
tmp-qVYeue,no_pdfs,0,0
tmp-qXxabP,no_pdfs,0,0
tmp-RCPqXl,no_pdfs,0,0
tmp-rpPFq2,no_pdfs,0,0
tmp-rLyNK0,no_pdfs,0,0
tmp-sEwG4I,no_pdfs,0,0
tmp-SA99r9,no_pdfs,0,0
tmp-snS4JZ,no_pdfs,0,0
tmp-SPPXAm,no_pdfs,0,0
tmp-RTrxKA,no_pdfs,0,0
tmp-rVEHF3,no_pdfs,0,0
tmp-sql6xt,no_pdfs,0,0
tmp-ST3vJ3,no_pdfs,0,0
tmp-TCMDrx,no_pdfs,0,0
tmp-tSJVFH,no_pdfs,0,0
tmp-ucjrco,no_pdfs,0,0
tmp-sTg5Sl,no_pdfs,0,0
tmp-uOiWkY,no_pdfs,0,0
tmp-UEGONj,no_pdfs,0,0
tmp-UTdyi1,no_pdfs,0,0
tmp-uQbYr0,no_pdfs,0,0
tmp-v3yFNb,no_pdfs,0,0
tmp-uV744V,no_pdfs,0,0
tmp-veT03P,no_pdfs,0,0
tmp-vn2gC3,no_pdfs,0,0
tmp-vFmK2B,no_pdfs,0,0
tmp-VPecqU,no_pdfs,0,0
tmp-VtIkZv,no_pdfs,0,0
tmp-VLc4Br,no_pdfs,0,0
tmp-vzhkFz,no_pdfs,0,0
tmp-w91bXQ,no_pdfs,0,0
tmp-wN0bPM,no_pdfs,0,0
tmp-wdR23i,no_pdfs,0,0
tmp-wdUQND,no_pdfs,0,0
tmp-x00tX9,no_pdfs,0,0
tmp-Xb8Wbi,no_pdfs,0,0
tmp-xaptrW,no_pdfs,0,0
tmp-XGWXQU,no_pdfs,0,0
tmp-wSL6Id,no_pdfs,0,0
tmp-XkjYT3,no_pdfs,0,0
tmp-x1i5nq,no_pdfs,0,0
tmp-wSmzt4,no_pdfs,0,0
tmp-XouviA,no_pdfs,0,0
tmp-xn9Gaf,no_pdfs,0,0
tmp-XRDhWH,no_pdfs,0,0
tmp-XUJgyr,no_pdfs,0,0
tmp-ybBFWz,no_pdfs,0,0
tmp-yO424D,no_pdfs,0,0
tmp-YF8Vh8,no_pdfs,0,0
tmp-yFNJlv,no_pdfs,0,0
tmp-Zghy3z,no_pdfs,0,0
tmp-yYgsBu,no_pdfs,0,0
tmp-zid7lO,no_pdfs,0,0
tmp-zvyJV2,no_pdfs,0,0
tmp-zzLHeN,no_pdfs,0,0
TN3SWHIY,processed,1,1
TUBPUTXP,no_pdfs,0,0
TSV9HLAF,processed,1,1
TVFTUPVK,no_pdfs,0,0
TUI34QVN,processed,1,1
TWXVL9Z9,no_pdfs,0,0
TXID6AF5,processed,1,1
TPPH7BSP,processed,1,1
TMYTZ8RK,processed,1,1
TSRBYLVA,processed,1,1
TWAUFP53,processed,1,1
TZJL8ADJ,processed,1,1
TYG48KKB,processed,1,1
U33APFU8,processed,1,1
U5Z2FM3N,no_pdfs,0,0
U64PPHTD,no_pdfs,0,0
TR9BQJJW,processed,1,1
U4KMFE5E,processed,1,1
TYRJ6HIC,processed,1,1
TYNT9ZFV,processed,1,1
U7CXD8I2,processed,1,1
U3UHGN72,processed,1,1
U8XNMKTB,no_pdfs,0,0
U7T7E4VH,no_pdfs,0,0
U7XYWVWW,processed,1,1
U9FSC9KP,no_pdfs,0,0
U967KAUC,processed,1,1
U8K4UKD8,processed,1,1
U9FSZMNA,processed,1,1
U9EZKRBT,processed,1,1
U9UZNY7M,processed,1,1
UCTD2N8V,processed,1,1
UBUSUNU4,processed,1,1
UBEPM388,processed,1,1
UBT8PTP3,processed,1,1
UE7EM7VW,no_pdfs,0,0
UDTM4YVN,no_pdfs,0,0
UE8V285J,no_pdfs,0,0
UAA2AHRS,processed,1,1
UE6459KL,processed,1,1
U9CG3A9T,processed,1,1
UEF3YXV6,no_pdfs,0,0
UEKKHWL9,processed,1,1
UDQWL254,processed,1,1
UGS59HWS,processed,1,1
UKCL9EK8,processed,1,1
ULEZS5BE,no_pdfs,0,0
ULT4T5MQ,no_pdfs,0,0
UM58P39D,processed,1,1
UJWSLRPL,processed,1,1
UFMFDDTB,processed,1,1
UML4XHSM,processed,1,1
UP2M79ZT,no_pdfs,0,0
UQIGAIBG,processed,1,1
UP73CK5S,processed,1,1
UR3DBL5T,no_pdfs,0,0
URLXSQGL,no_pdfs,0,0
UTC96IYF,no_pdfs,0,0
UU65E44H,processed,1,1
UU66LX7B,no_pdfs,0,0
UVJM6I5G,no_pdfs,0,0
UG8ZNVHQ,processed,1,1
UMGYZ8UH,processed,1,1
UYF87P9N,processed,1,1
UQZYJM2Q,processed,1,1
V294PLN7,no_pdfs,0,0
UZLNNBP7,no_pdfs,0,0
UZW4IXEV,processed,1,1
V29MJSLQ,processed,1,1
V4378W9Z,no_pdfs,0,0
V53CN7UZ,processed,1,1
V7FGG5EW,no_pdfs,0,0
V7UQCB9L,processed,1,1
V9896ZLY,no_pdfs,0,0
V4PJ4MBF,processed,1,1
VAVT52JK,no_pdfs,0,0
VCIJGFFH,no_pdfs,0,0
VA7YSXJ4,processed,1,1
V3EM2GV2,processed,1,1
VD8PMHFI,processed,1,1
VDKY8CY4,no_pdfs,0,0
UTUW8SBG,processed,1,1
VF4EGT6G,processed,1,1
VFQ6PRV9,no_pdfs,0,0
VDAT8X85,processed,1,1
VFCSJZJL,processed,1,1
VGF4Z47J,no_pdfs,0,0
VGMKXT7Y,processed,1,1
VI3H4BMD,processed,1,1
UX8692T7,processed,1,1
VG943FKQ,processed,1,1
VHYEB2K7,processed,1,1
VJ5QX9RH,no_pdfs,0,0
VIPLRLIF,no_pdfs,0,0
UJUX9YY3,processed,1,1
VJ7KYZIX,processed,1,1
VJFL2GN2,no_pdfs,0,0
VILYYDTB,processed,1,1
VMRDLM3S,no_pdfs,0,0
VMS8BYR3,no_pdfs,0,0
VJD3VAHH,processed,1,1
VHYX6WWT,processed,1,1
VPVZIFXI,processed,1,1
VNLRNTX5,processed,1,1
VI9Y8YFP,processed,1,1
VQKVAYC3,processed,1,1
VQAB27D3,processed,1,1
VSUP7KTD,no_pdfs,0,0
VRGMSZPM,processed,1,1
VTNQMWSI,no_pdfs,0,0
VTMPQ39U,processed,1,1
VU6Q83MH,no_pdfs,0,0
VLXA9EUQ,processed,1,1
VUYK9WVN,processed,1,1
VUBRKBVE,processed,1,1
VJD7VW4H,processed,1,1
VTZS5QAA,processed,1,1
VWPDDVTS,no_pdfs,0,0
VUSWGLCD,processed,1,1
VW84LKKR,no_pdfs,0,0
VYIU38KT,no_pdfs,0,0
VYQ7QTSN,no_pdfs,0,0
VZ3VHCCR,no_pdfs,0,0
VXT5UAQJ,processed,1,1
VYTIX9BB,processed,1,1
W2A2643L,processed,1,1
W2KMAK7F,no_pdfs,0,0
W33G2PBD,processed,1,1
W4HYZ2IB,processed,1,1
VV7ELUC3,processed,1,1
VQ3LWDUH,processed,1,1
W6HE6IRU,no_pdfs,0,0
W3JQSBAL,processed,1,1
W6DIZ54N,processed,1,1
W558TCKX,processed,1,1
W79ZU9CH,processed,1,1
W5J2F882,processed,1,1
VWH5TVYY,processed,1,1
W7RQI2T8,no_pdfs,0,0
W84LX8D5,no_pdfs,0,0
W8G5EMVD,no_pdfs,0,0
W6RWUDDA,processed,1,1
W9FDE95M,processed,1,1
WAKK3JP8,no_pdfs,0,0
W9EGGM58,processed,1,1
W7AP3498,processed,1,1
WALB9M77,processed,1,1
W9USYEDJ,processed,1,1
WBLEKIQJ,processed,1,1
W7L8F9P2,processed,1,1
WBECBNPQ,processed,1,1
WALRCCTI,processed,1,1
W88ZW2DQ,processed,1,1
WBP6GV9V,processed,1,1
WCZUYQI4,no_pdfs,0,0
WCSHFH6V,no_pdfs,0,0
WDQFHFGF,no_pdfs,0,0
WCEKF5D9,processed,1,1
WDWNWV3D,processed,1,1
WDXTCJWM,no_pdfs,0,0
WE3J4SGI,no_pdfs,0,0
WFI9UVDQ,no_pdfs,0,0
WEUJFY5L,processed,1,1
WFTUWHC2,processed,1,1
WGII6Q5H,no_pdfs,0,0
WHJ5GQC5,no_pdfs,0,0
WIMH8FZQ,no_pdfs,0,0
WIW2C2RT,no_pdfs,0,0
WCVMYSGS,processed,1,1
WJQHYXWE,no_pdfs,0,0
WIZXZT2A,processed,1,1
WJW3JF2D,processed,1,1
WEWL8WYA,processed,1,1
WGFRAIHZ,processed,1,1
WB7AMKTI,processed,1,1
WMT3QGJA,no_pdfs,0,0
WN2WMG94,processed,1,1
WMYJAW8D,processed,1,1
WPGGGVHE,processed,1,1
WPSR326X,processed,1,1
WQDCJBWJ,processed,1,1
WJXGDNR2,processed,1,1
WK6Y8MZL,processed,1,1
WQYVQYQP,no_pdfs,0,0
WKJETHEB,processed,1,1
WREQTH4U,processed,1,1
WQUUIT8R,processed,1,1
WRQ562B3,processed,1,1
WSTPT397,processed,1,1
WSAM7JK4,processed,1,1
WT6YTFAD,processed,1,1
WUB8IHYT,no_pdfs,0,0
WX6MDBUT,no_pdfs,0,0
WXQ8YEB3,no_pdfs,0,0
WYHFBEYV,no_pdfs,0,0
WCX5DNDB,processed,1,1
X2QP4YY5,processed,1,1
WQYY6WZ5,processed,1,1
WT53YIEW,processed,1,1
WQQYK4MK,processed,1,1
X45YDPPX,processed,1,1
X4UBHAEM,no_pdfs,0,0
X5NG9N45,processed,1,1
X5U3NYRK,processed,1,1
X6Y6PRJH,processed,1,1
X4V575MC,processed,1,1
X7SGHDH8,processed,1,1
WZ4U9TCK,processed,1,1
X6MBFAYB,processed,1,1
X6AHWBM8,processed,1,1
X7ZSPYE3,processed,1,1
X8IJQT33,no_pdfs,0,0
X8UJ7N3W,no_pdfs,0,0
XBWUF4BY,no_pdfs,0,0
XCWC4E3Z,processed,1,1
XD9LKXGK,no_pdfs,0,0
XCG3FIJB,processed,1,1
XBM9H9WE,processed,1,1
X9JLB4QB,processed,1,1
XCWHXFSD,processed,1,1
XHWUK7YS,no_pdfs,0,0
XG75FFU7,processed,1,1
XG32JD68,processed,1,1
XGA5PCZT,processed,1,1
XKTEZKDS,no_pdfs,0,0
XK5L7MMD,processed,1,1
WPXIXRFA,processed,1,1
XEED2KH9,processed,1,1
XLB7R6W8,processed,1,1
XK7DMQX5,processed,1,1
XMWT5IBE,processed,1,1
XMLHQIYJ,processed,1,1
XM2LDM4W,processed,1,1
XPX9L39D,processed,1,1
XRGARH5Y,processed,1,1
XRK4BMBZ,processed,1,1
XNX7HHDF,processed,1,1
XQXWZQIU,processed,1,1
XRPXDVAQ,processed,1,1
XSM64PBJ,processed,1,1
XTAHIT4G,no_pdfs,0,0
XNGR37PF,processed,1,1
XTZT5QKE,processed,1,1
XUVTHEZE,no_pdfs,0,0
XVAIPYKS,no_pdfs,0,0
XRUUKNEC,processed,1,1
XTF2ZDCR,processed,1,1
XWLKUANJ,no_pdfs,0,0
XWMTVJC7,no_pdfs,0,0
XUN6425J,processed,1,1
XW7E5HCI,processed,1,1
XVGT6YA5,processed,1,1
XYVFBXFZ,processed,1,1
XYU6APXN,processed,1,1
XZF6P3L2,processed,1,1
XZLZ3EKK,no_pdfs,0,0
XYEQ9B37,processed,1,1
XUQXR7IL,processed,1,1
XV82JQD6,processed,1,1
Y52SUIQC,no_pdfs,0,0
XZHDV73I,processed,1,1
Y2NXMHSJ,processed,1,1
Y56NEGZQ,processed,1,1
Y473BUV5,no_pdfs,0,0
Y9HRXT47,no_pdfs,0,0
YBWIW3VR,no_pdfs,0,0
YEEWH487,no_pdfs,0,0
Y99E7WWW,processed,1,1
Y7TQRFL6,processed,1,1
YG2BJ7GY,no_pdfs,0,0
YFBEEJ2L,processed,1,1
YB9ZCMTM,processed,1,1
YGMDIW2X,processed,1,1
Y4P73KA5,processed,1,1
YGTP3LHM,no_pdfs,0,0
YHWUZEJN,processed,1,1
YJG9PQB5,no_pdfs,0,0
YIX2U2YG,processed,1,1
XXPE7YBQ,processed,1,1
YFJI9FM3,processed,1,1
YJQ5ALGC,no_pdfs,0,0
YKMSC8JB,processed,1,1
YK6BXR47,processed,1,1
YKSMBBLF,no_pdfs,0,0
YLHJ96X9,processed,1,1
YK284YHZ,processed,1,1
YKYV9LWF,processed,1,1
YMD4ZF7C,processed,1,1
YG8T46Y8,processed,1,1
YGRN5G7T,processed,1,1
YNT9XMA7,processed,1,1
YP6KGMKL,processed,1,1
YMXMAWL4,processed,1,1
YQ6ALSVC,processed,1,1
YRU6G75G,processed,1,1
YSEC6XUG,no_pdfs,0,0
YSJT99P3,no_pdfs,0,0
YSR495CX,no_pdfs,0,0
YSS7VWCD,no_pdfs,0,0
YPVM6QK6,processed,1,1
YP84T896,processed,1,1
YTNFKZEX,no_pdfs,0,0
YT2EGGU8,processed,1,1
YU4VU5WA,no_pdfs,0,0
YUKZ9FH8,no_pdfs,0,0
YJGM2MYV,processed,1,1
YU58VAVP,processed,1,1
YRLAIB5D,processed,1,1
YSBKUKDQ,processed,1,1
YVDULXLI,no_pdfs,0,0
YV86VC37,processed,1,1
YUNMVK5H,processed,1,1
YWYCXGBB,processed,1,1
YVND5TBP,processed,1,1
YXRXZYB4,no_pdfs,0,0
YV754UY6,processed,1,1
YX73YTJA,processed,1,1
YY87R9L5,processed,1,1
YXMY7TQK,processed,1,1
YTLGNPMA,processed,1,1
YZ5MNBDL,processed,1,1
YZDDFSB4,no_pdfs,0,0
YZIC6S56,processed,1,1
YZPURVD6,no_pdfs,0,0
YYIUKATK,processed,1,1
YYW6IJV3,processed,1,1
Z3AAACZW,processed,1,1
Z3M4JAM8,no_pdfs,0,0
YYQC59UT,processed,1,1
Z3BRQNPN,processed,1,1
YZVLBXR4,processed,1,1
Z4I42VRS,no_pdfs,0,0
Z4BM5YJC,processed,1,1
Z3MYDG7P,processed,1,1
Z98R8JDT,no_pdfs,0,0
Z42RQL8Z,processed,1,1
Z9TZJB3H,processed,1,1
Z8GUA5JZ,processed,1,1
ZA9DS9BK,processed,1,1
ZCE9BTGG,no_pdfs,0,0
ZCNLG9I7,no_pdfs,0,0
ZCSAM4VC,no_pdfs,0,0
Z8HYCEYT,processed,1,1
YYSIEAZE,processed,1,1
YW78KFH3,processed,1,1
ZA6ZWSFN,processed,1,1
ZCSI82YB,processed,1,1
ZAQZLI6G,processed,1,1
ZFQHJGSM,processed,1,1
ZF9X8P6H,processed,1,1
ZGDSDS3A,no_pdfs,0,0
ZEL792MK,processed,1,1
ZCTHH52Y,processed,1,1
ZE2QLFEM,processed,1,1
ZEQE3YWK,processed,1,1
ZH5GLLCH,processed,1,1
ZHQZFL4X,processed,1,1
ZIEDFDAP,processed,1,1
ZI6AW6KU,processed,1,1
ZHB9Z2TV,processed,1,1
ZKZXGM2F,no_pdfs,0,0
ZM2F8E7H,no_pdfs,0,0
ZM434RKS,no_pdfs,0,0
ZJK49LZP,processed,1,1
ZKRM224K,processed,1,1
ZQDZZPLJ,no_pdfs,0,0
ZNF34TBM,no_pdfs,0,0
ZR36MVN8,no_pdfs,0,0
ZKR6QGGI,processed,1,1
ZRD7IJW5,no_pdfs,0,0
ZSMWPGSR,no_pdfs,0,0
ZST63EP9,no_pdfs,0,0
ZSZDUWF2,no_pdfs,0,0
ZRSDFNEY,processed,1,1
ZJJCIDKS,processed,1,1
ZRADRSRS,processed,1,1
ZIJUS3XR,processed,1,1
ZMS2YVGI,processed,1,1
ZT9MDJV3,processed,1,1
ZTA8LIA5,processed,1,1
ZUXY65UF,processed,1,1
ZWZ725YM,processed,1,1
ZUQT3NLG,processed,1,1
ZWE4SLWL,processed,1,1
ZW529PTF,processed,1,1
ZXHYYPKH,processed,1,1
ZZADA44L,processed,1,1
ZZT8BD8M,no_pdfs,0,0
ZX78WK7E,processed,1,1
ZXKG8MBE,processed,1,1
ZY2FTAXD,processed,1,1
ZY7YNZQG,processed,1,1
ZXUJBTJX,processed,1,1
